ID,PLIB3_N,PLIB3_perc,clone_ID,PLIB2_N,PLIB2_perc,PLIB1_N,PLIB1_perc,PLIB0_N,PLIB0_perc
NISSSYT_LVASIDYGTSTY_ATSYVLPSGRFTFA,191334,7.33670206932622,clone1,44009,1.0769030491168,1059,0.0374175065878131,67,0.00346071520070082
TIFGSVS_FVAAINRGSNTY_ARILGDGSFA,82873,3.17776511540694,clone2,11800,0.288746755881258,205,0.00724323781917063,31,0.00160122643614516
NIFRRDS_LVAAITRGGNTY_VSSARQQYFW,46386,1.7786711310471,clone3,23855,0.583733378097237,1424,0.0503140031926779,10,0.000516524656821018
NISYSKS_FVAGISRGGTTN_AYVRPYDGYL,24963,0.957206214037184,clone4,14737,0.360615334018821,736,0.0260049904141931,3,0.000154957397046305
NISGDYA_FVAGISGGGNTN_VRSKDRDGFA,23581,0.904213425197726,clone5,11851,0.289994729148202,563,0.0198924043521613,2,0.000103304931364204
SIFSPTT_LVASINVGGITN_VYYYGKSNFY,20042,0.768510473169621,clone6,12639,0.309277139625696,666,0.0235316896954519,8,0.000413219725456814
NIFSHYQ_FVASITWGGSTY_AQATRSSGYG,19053,0.730587269000139,clone7,7424,0.181665755564615,269,0.00950454133344828,4,0.000206609862728407
TISTYSV_FVAGINAGGTTN_AAWTDANTYRSQGQIRHA,18675,0.716092859317566,clone8,7728,0.189104655038166,315,0.0111298532343354,8,0.000413219725456814
NISVTAV_FVAGITAGGSTN_ATRSDSRHHG,15918,0.610375696632772,clone9,9787,0.23948851693304,489,0.0172777721637777,4,0.000206609862728407
NISDWWV_LVAAITKGASTN_ANKLRSRDFPDWFY,13012,0.498945129073102,clone10,8449,0.206747571223792,506,0.0178784309097577,NA,NA
NISWVSS_FVAGINPRGSTN_AAVVHYDDDSHGFG,11717,0.449288355160585,clone11,6954,0.17016482545748,393,0.0138858168923612,7,0.000361567259774713
NISVLSR_FVAAINTGTSTY_VSRYPYNRLS,10918,0.41865070083155,clone12,6962,0.170360585969942,481,0.016995109224493,1,5.16524656821018e-05
TISSATT_LVASIDYGATTN_VSAYSQSWYPVPFD,10476,0.401702211202722,clone13,8227,0.201315217002975,555,0.0196097414128766,3,0.000154957397046305
YIFDGGR_FVASIDYGSSTN_AKRTILYTRGDWYP,10317,0.395605356336243,clone14,7453,0.182375387422289,768,0.0271356421713319,2,0.000103304931364204
NISYANT_FVAGINRGGNTN_AIGQGGGRHG,10153,0.389316776473963,clone15,7824,0.191453781187708,409,0.0144511427709307,5,0.000258262328410509
SIFQYRK_FVAGIGKGSTTY_VYDAFGHDLR,10120,0.388051391501675,clone16,4503,0.110188698451975,231,0.00816189237184592,3,0.000154957397046305
NISDRTA_FVAGITTGTNTN_ATSYPRGGLG,10014,0.383986821590689,clone17,11071,0.27090807918317,1022,0.0361101904936214,8,0.000413219725456814
NISSQGL_LVAAITVGAITY_VTVGPYGTFP,9788,0.375320851780473,clone18,6624,0.162089704318428,549,0.019397744208413,5,0.000258262328410509
NISSPTT_FVAGIGHGGNTN_VLQRKADRLG,9292,0.356301732196992,clone19,6988,0.170996807635443,556,0.0196450742802872,9,0.000464872191138916
NIFHVGS_FVAAINSGATTN_ALLTPYDAGFGSFE,8973,0.344069677464874,clone20,2901,0.0709876558314854,183,0.00646591473613768,1,5.16524656821018e-05
SIFTQLN_FVAGIASGGSTY_ADRYLRGYSKASHG,8941,0.342842637491746,clone21,4990,0.122105619648091,257,0.00908054692452122,3,0.000154957397046305
YISGPQA_FVAGIGSGGNTN_VAGRSANYLG,8430,0.323248342920861,clone22,9220,0.225613990612305,898,0.0317289149347084,1,5.16524656821018e-05
NISSLSL_FVAGIGTGANTN_AAWRPYNAHS,8189,0.314007198123242,clone23,3272,0.0800660495969046,139,0.00491126857007179,1,5.16524656821018e-05
TISTYGA_FVAGINRGGSTN_KPEDTAVYYCAVLRSGLG,8166,0.313125263142557,clone24,4434,0.108500264031991,236,0.00833855670889887,2,0.000103304931364204
NISHRSE_LVAAITTGGTTY_VASAIYGYFW,7931,0.304114188339899,clone25,6150,0.150490893955062,434,0.0153344644561954,4,0.000206609862728407
NIFTSGA_FVAGISYGGNTN_VWSWIQDDFA,7891,0.302580388373489,clone26,4397,0.107594871661855,205,0.00724323781917063,6,0.000309914794092611
SISRGGS_LVAAITRGSITY_VVTTSGYWFA,7871,0.301813488390285,clone27,2761,0.0675618468634027,82,0.00289729512766825,2,0.000103304931364204
NISLSVV_FVAGINWGGNTY_AATDPASRGSVDAGKRHG,7809,0.299436098442349,clone28,8515,0.208362595451602,719,0.0254043316682131,3,0.000154957397046305
NISYSYV_FVAGINSGANTN_VAGYRDARYETRLP,7804,0.299244373446548,clone29,6403,0.156681820161669,567,0.0200337358218036,1,5.16524656821018e-05
NISQYGT_FVAGITSGGTTN_ALVYGVAYQSDDKQSPFP,7763,0.297672228480978,clone30,8166,0.199822543095453,657,0.0232136938887566,4,0.000206609862728407
NISQGLV_FVAGINTGGNTN_ALAREPYRFE,7671,0.294144488558236,clone31,2532,0.0619582021941817,78,0.0027559636580259,1,5.16524656821018e-05
NIFSVAS_FVAAINYGGSTN_ALAQQDEYNVGYFG,7421,0.284558238768175,clone32,3407,0.0833695082446987,179,0.00632458326649533,2,0.000103304931364204
SIFQELT_FVAGIGVGATTN_ALSGPPRRYE,7266,0.278614763898337,clone33,4956,0.121273637470128,347,0.0122605049914742,2,0.000103304931364204
NISETGT_FVAGISTGGNTN_AVLARSQSDYKWYP,7125,0.273208119016742,clone34,8784,0.214945042683133,883,0.0311989219235496,5,0.000258262328410509
SISDPGT_FVAGINYGGTTN_ALYKGPTVHG,7035,0.26975706909232,clone35,3059,0.0748539259526074,118,0.00416927835444943,2,0.000103304931364204
NISQLNG_FVATITYGGTTN_AVDFLDNPVHYGTSYKFT,7005,0.268606719117513,clone36,2579,0.0631082952048952,121,0.0042752769566812,NA,NA
TISGRVV_FVAGINYGGSTN_VAAYDYEDYARRHA,6914,0.265117324193931,clone37,5303,0.129764749698162,360,0.0127198322678118,2,0.000103304931364204
NIFQGYE_LVATITVGSNTN_VIRYVWWDSYPEYL,6829,0.26185799926531,clone38,5621,0.137546230068521,387,0.0136738196878977,2,0.000103304931364204
TIFSPNW_FVASIAYGTNTN_KPEDTAVYYCAVATLGFD,6626,0.25407396443578,clone39,3349,0.0819502445293501,217,0.00766723222809769,2,0.000103304931364204
NISVSLT_FVAGINQGATTY_ALSTKSERHE,6606,0.253307064452575,clone40,3211,0.0785733756893829,131,0.00462860563078708,2,0.000103304931364204
TISSPTY_FVATINYGANTY_VDVGKYPRWYVSHP,6518,0.249932704526474,clone41,2707,0.0662404634042851,85,0.00300329372990002,3,0.000154957397046305
SISPNAV_FVAGINDGGTTN_AAYWDSYRHG,6391,0.245062889633123,clone42,3875,0.094821498223718,246,0.00869188538300475,4,0.000206609862728407
NIFRITT_FVAAITRGAITN_ALDQGDATSYYHYP,5836,0.223781415099187,clone43,5698,0.139430425000967,486,0.017171773561546,4,0.000206609862728407
NISFSVT_FVASIGDGATTN_AGRYAHLVHA,5593,0.214463580303248,clone44,3217,0.0787201960737293,189,0.00667791194060121,1,5.16524656821018e-05
TISGLST_FVAGIGYGGNTN_ALYREANTELDHHG,5577,0.213850060316684,clone45,3755,0.09188509053679,209,0.00738456928881298,2,0.000103304931364204
NISDRVY_FVASIGNGTSTY_VDSNASHGGYLVYA,5530,0.212047845356152,clone46,5105,0.12491967701473,504,0.0178077651749366,2,0.000103304931364204
NISNYWS_LVAGISYGGITY_VYGDLTGYLV,5507,0.211165910375467,clone47,3015,0.0737772431340671,143,0.00505260003971414,1,5.16524656821018e-05
SISYLSF_FVATISGGSITN_VKVWWQDDFA,5268,0.202001455576168,clone48,2793,0.0683448889132502,182,0.00643058186872709,2,0.000103304931364204
NIFPLYL_FVAAIDYGAITN_AGLYDPAFYSDSTHFNLY,5267,0.201963110577008,clone49,4896,0.119805433626664,453,0.0160057889369966,1,5.16524656821018e-05
YISHKAA_FVAGIAYGGNTN_ATTGRAVRAGPQLG,5209,0.199739100625714,clone50,2535,0.0620316123863549,150,0.00529993011158826,3,0.000154957397046305
YISGTYG_FVASIGVGGSTN_VHRGYSGRFY,5129,0.196671500692894,clone51,2675,0.0654574213544376,167,0.00590058885756826,1,5.16524656821018e-05
YISRTVD_FVATISWGANTN_AAQAWASNFA,5079,0.194754250734882,clone52,4004,0.0979781364871657,340,0.0120131749196001,4,0.000206609862728407
NISYLTV_FVAGINHGSSTN_ALWRQPDNVTTAYE,5028,0.192798655777709,clone53,3733,0.0913467491275199,216,0.0076318993606871,NA,NA
NISVRLF_LVAAIGAGSTTY_AYYYGGKGALSSLE,4994,0.191494925806261,clone54,4035,0.0987367084729554,302,0.0106705259579977,NA,NA
NISYSGT_FVAGIAYGGSTN_ATGTGVGALG,4776,0.183135715989328,clone55,5824,0.142513653072241,628,0.0221890407338495,1,5.16524656821018e-05
NISIYGS_LVASISKGGSTY_ATYTPWYGRLSVYD,4759,0.182483851003604,clone56,2496,0.0610772798881033,125,0.00441660842632355,4,0.000206609862728407
YISYTDW_FVAGIGYGGTTN_VYDILALTLD,4721,0.181026741035514,clone57,3633,0.0888997427217465,431,0.0152284658539636,1,5.16524656821018e-05
NIFDPIT_FVAGIGKGGNTN_ALGHVYARHQ,4680,0.179454596069944,clone58,4583,0.112146303576593,480,0.0169597763570824,NA,NA
NISYYGA_FVAGISQGATTN_VVGYGYGGHGDRHG,4667,0.178956111080861,clone59,2402,0.0587770938666763,173,0.0061125860620318,1,5.16524656821018e-05
NISYLHK_FVAAITYGGITN_VRPTYSGSFQ,4636,0.177767416106894,clone60,4278,0.104682934038985,304,0.0107411916928189,4,0.000206609862728407
TISRLRY_LVAAIDGGSNTN_VSPRYLTTLE,4597,0.176271961139644,clone61,2289,0.0560119766281524,130,0.00459327276337649,3,0.000154957397046305
SISSPTV_FVAGINRGGITN_ALVRYHGYHE,4415,0.16929317129248,clone62,3339,0.0817055438887728,402,0.0142038126990565,3,0.000154957397046305
YISYWGS_FVAAISSGGNTN_AIYYAKGDGYTKYP,4388,0.168257856315153,clone63,3309,0.0809714419670408,228,0.00805589376961416,2,0.000103304931364204
NIFGTYA_FVAGINSGGNTN_VAYSYPTKHG,4367,0.167452611332788,clone64,3028,0.0740953539668176,183,0.00646591473613768,1,5.16524656821018e-05
TIFHWYW_FVASISTGTNTY_ADLDAGPDGSDSLY,4338,0.166340606357141,clone65,1928,0.0471782835033106,75,0.00264996505579413,5,0.000258262328410509
TISKTRD_LVATINSGANTN_VVRGYSGTFN,4263,0.163464731420122,clone66,3914,0.0957758307219697,362,0.012790498002633,1,5.16524656821018e-05
SISDYWS_LVATIDGGATTN_AEYYPWWKQDTGYR,4240,0.162582796439437,clone67,2952,0.0722356290984299,172,0.00607725319462121,NA,NA
SISPLYE_FVAGITRGGTTN_AWSWWERSYS,4226,0.162045966451193,clone68,3384,0.0828066967713708,221,0.00780856369774004,2,0.000103304931364204
SISKYSV_FVAGINAGTNTN_VLSRDFGYHHNDFV,3983,0.152728131655254,clone69,3070,0.0751230966572424,246,0.00869188538300475,2,0.000103304931364204
TIFGRDI_LVASSYGSITYY_VYVRRTDATADSLE,3955,0.151654471678767,clone70,4794,0.117309487092775,500,0.0176664337052942,4,0.000206609862728407
NIFWTLY_LVATIDQGTSTN_AEGWDPYHLE,3934,0.150849226696402,clone71,3876,0.0948459682877758,302,0.0106705259579977,1,5.16524656821018e-05
YIFYLST_FVAAINYGATTN_ALARSRPADVASYG,3907,0.149813911719075,clone72,3319,0.0812161426076181,501,0.0177017665727048,1,5.16524656821018e-05
NIFDTVS_LVATISYGGTTY_ADSYYSYSHI,3906,0.149775566719915,clone73,5715,0.139846416089948,770,0.0272063079061531,3,0.000154957397046305
YISGARY_LVAGIDRGGNTY_VGIDPINGFG,3837,0.147129761777858,clone74,1835,0.0449025675459413,123,0.00434594269150237,NA,NA
NIFYRGT_FVAGINWGGNTY_AAIARGDGHG,3817,0.146362861794653,clone75,2982,0.0729697310201619,224,0.0079145622999718,3,0.000154957397046305
NIFKLGS_FVAAISYGGNTN_AVWYANATDLGGHG,3805,0.14590272180473,clone76,2976,0.0728229106358155,222,0.00784389656515063,3,0.000154957397046305
SISGLSY_LVAAISRGGTTY_VRYWYDAWYE,3795,0.145519271813128,clone77,2472,0.0604899983507177,231,0.00816189237184592,1,5.16524656821018e-05
SISWGSI_FVASIGYGSSTN_VTTISWDEFR,3771,0.144598991833282,clone78,1845,0.0451472681865187,74,0.00261463218838354,1,5.16524656821018e-05
NISRISV_FVAGINYGGSTN_ALLSDGTYTTGRYE,3748,0.143717056852596,clone79,3820,0.0934756447005427,394,0.0139211497597718,2,0.000103304931364204
NIFVPGA_FVAGINRGTTTN_AVGSGPTSLG,3722,0.14272008687443,clone80,2231,0.0545927129128039,208,0.00734923642140239,NA,NA
NIFEVSG_FVATITTGGTTY_VVRGYTGRFY,3692,0.141569736899623,clone81,2965,0.0725537399311804,239,0.00844455531113063,NA,NA
SISRGGS_FVAAINTGSTTN_AALLYLHQYTTPYE,3601,0.138080341976041,clone82,2449,0.0599271868773898,180,0.00635991613390591,1,5.16524656821018e-05
SISGRGP_FVAGINSGGNTN_VAYISPYRHG,3575,0.137083371997874,clone83,4534,0.110947270437765,496,0.0175251022356519,5,0.000258262328410509
TIFGYSM_LVAAISYGSITY_AYTSRRTSHE,3556,0.13635481701383,clone84,3629,0.0888018624655156,295,0.0104231958861236,1,5.16524656821018e-05
SIFTIGA_FVAGIGTGGNTN_AVVSRSDRLH,3455,0.132481972098645,clone85,3636,0.0889731529139197,334,0.0118011777151365,NA,NA
NISSRTY_LVAAINFGSITY_AIGVRRDGKAQGHE,3438,0.131830107112921,clone86,2252,0.0551065842580163,169,0.00597125459238944,2,0.000103304931364204
TISAAYN_FVATIDSGANTN_VSKSRGYVLT,3386,0.129836167156588,clone87,1281,0.0313461520579569,34,0.00120131749196001,NA,NA
TISYVGT_FVAGIARGGNTN_VIAGDSPSLG,3365,0.129030922174223,clone88,2030,0.0496742300371994,97,0.00342728813882708,4,0.000206609862728407
SISVWGA_FVAGISGGGSTN_AVTGDDGSGRGGLG,3347,0.128340712189338,clone89,1907,0.0466644121580981,141,0.00498193430489297,1,5.16524656821018e-05
TISWGVY_FVAGITQGAITN_ARSIDWDSLA,3346,0.128302367190178,clone90,4120,0.100816663917863,453,0.0160057889369966,2,0.000103304931364204
NIFHLYG_FVAGIAYGGNTN_AVARVQEKLG,3089,0.118447702405995,clone91,3283,0.0803352203015397,419,0.0148044714450365,4,0.000206609862728407
TISKVGA_FVAGISGGGTTN_AYVSNVYYDGRAHP,3082,0.118179287411874,clone92,2062,0.0504572720870469,140,0.00494660143748238,NA,NA
YISYTAT_FVASIGRGSSTN_VDDWWNATYA,3034,0.116338727452182,clone93,3257,0.0796989986360386,301,0.0106351930905871,1,5.16524656821018e-05
SIFRYRG_FVASITVGASTN_VRGSFDNRYV,2975,0.114076372501727,clone94,1951,0.0477410949766384,123,0.00434594269150237,2,0.000103304931364204
NIFRYGN_FVAAITSGGNTN_VLVKATYVDPSYHP,2867,0.109935112592421,clone95,2937,0.0718685781375639,254,0.00897454832228946,1,5.16524656821018e-05
NIFQVGA_FVAAINDGGSTN_VLVQTTKPTEYDKQPYFP,2821,0.10817124263105,clone96,2507,0.0613464505927384,252,0.00890388258746828,1,5.16524656821018e-05
YISRWGT_FVAAISYGGNTN_ALVYKSDSDRLGLG,2788,0.106905857658762,clone97,2926,0.0715994074329288,379,0.013391156748613,1,5.16524656821018e-05
NISSPTV_FVASISYGGTTN_AGSYYTWYWEHPFI,2776,0.106445717668839,clone98,1484,0.0363135750616768,101,0.00356861960846943,1,5.16524656821018e-05
NISPHTA_FVAGIGSGSTTN_VASPRSRPFG,2773,0.106330682671358,clone99,2879,0.0704493144222153,249,0.00879788398523652,NA,NA
NIFQYKS_FVAGINSGSSTN_VLYQTHADKDVILP,2757,0.105717162684794,clone100,2413,0.0590462645713114,267,0.00943387559862711,NA,NA
NISGRST_LVAAISQGGTTY_AVYDRDLQFT,2744,0.105218677695711,clone101,2439,0.0596824862368125,282,0.00996386860978593,NA,NA
SISYSYA_FVAAIDGGAITN_VEGSWSRHLV,2715,0.104106672720064,clone102,3035,0.0742666444152218,238,0.00840922244372004,1,5.16524656821018e-05
NISAITV_FVAGINSGGITN_ALGRGQTSYDPRFH,2712,0.103991637722583,clone103,1999,0.0489156580514096,277,0.00978720427273299,1,5.16524656821018e-05
TISGPGT_FVAGINRGGNTY_AISTERHGYG,2710,0.103914947724263,clone104,2276,0.0556938657954019,156,0.00551192731605179,1,5.16524656821018e-05
SIFRNLY_LVAAIAGGSSTY_AYSVSYKGHQ,2690,0.103148047741058,clone105,2133,0.052194646635146,210,0.00741990215622357,1,5.16524656821018e-05
SISNFYV_FVASIDGGANTN_VDNWKADAILGDFY,2677,0.102649562751975,clone106,2627,0.0642828582796664,245,0.00865655251559416,NA,NA
TISAQGI_FVAAIDYGGITY_VLDVGYARFQ,2673,0.102496182755334,clone107,1963,0.0480347357453312,101,0.00356861960846943,1,5.16524656821018e-05
NISYLGA_FVAGISNGGNTN_VTYTGPNHYPTRNGHLLP,2657,0.10188266276877,clone108,2914,0.071305766664236,434,0.0153344644561954,5,0.000258262328410509
YISGTSP_FVAGIGSGANTN_VASLRTRGFG,2642,0.101307487781366,clone109,2852,0.0697886226926565,370,0.0130731609419177,NA,NA
NIFSPAA_FVATITWGANTN_VSRTYTSGYI,2637,0.101115762785565,clone110,1813,0.0443642261366712,151,0.00533526297899885,1,5.16524656821018e-05
NISQGVI_FVAAINDGSSTY_VGYVYPSKYY,2625,0.100655622795642,clone111,1969,0.0481815561296776,133,0.00469927136560826,NA,NA
NIFSILY_FVATIGPGTSTN_ATTWGSRTHD,2588,0.0992368578267128,clone112,1597,0.0390786923002007,73,0.00257929932097295,2,0.000103304931364204
NISIVLS_FVAGIGQGSNTN_AYSSRDGGHA,2566,0.0983932678451874,clone113,1455,0.0356039432040025,101,0.00356861960846943,2,0.000103304931364204
NISYTPT_FVAGINGGGTTN_VADKSAYPFG,2564,0.098316577846867,clone114,2097,0.0513137243290675,184,0.00650124760354827,3,0.000154957397046305
NISRRYT_FVAGIASGGNTN_AIVYDSPGRAGPFE,2531,0.0970511928745789,clone115,2348,0.0574557104075587,165,0.00582992312274709,1,5.16524656821018e-05
YIFHVLS_LVAGIGGGGTTY_VNYDLPSFFQ,2508,0.0961692578938932,clone116,2796,0.0684182991054234,466,0.0164651162133342,1,5.16524656821018e-05
YISKYKY_FVASISYGGTTN_VPDNPDWQFS,2494,0.0956324279056498,clone117,2388,0.058434512969868,189,0.00667791194060121,NA,NA
SISRAAS_LVATINPGATTY_VKSGWPTSFD,2486,0.0953256679123679,clone118,2181,0.0533692097099172,132,0.00466393849819767,NA,NA
NIFHIRS_LVASIDYGGITY_ASYTLQRYHY,2449,0.0939069029434388,clone119,3215,0.0786712559456138,489,0.0172777721637777,2,0.000103304931364204
NISGSSV_FVAGINSGSITN_ATEPRAWGFG,2444,0.0937151779476376,clone120,4026,0.0985164778964358,633,0.0223657050709025,1,5.16524656821018e-05
YISGRAI_FVAGINRGGNTN_ALDHDHADSPDGYGVRHG,2441,0.0936001429501569,clone121,3371,0.0824885859386203,590,0.0208463917722472,3,0.000154957397046305
SISRYAT_FVAAIDSGGTTN_VYYSVHKFFK,2432,0.0932550379577147,clone122,2694,0.0659223525715346,252,0.00890388258746828,3,0.000154957397046305
NISAVRT_FVAAINSGSTTN_VLYYDSTRSHDLLS,2422,0.0928715879661122,clone123,1249,0.0305631100081094,64,0.00226130351427766,NA,NA
YISYTAT_FVAGISRGATTN_TAVYYCAVVIWSDKRGFP,2378,0.0911844080030615,clone124,2851,0.0697641526285988,490,0.0173131050311883,2,0.000103304931364204
SIFGSQW_LVAGISDGSTTY_VAPWSPYLWTGTYNLSYY,2372,0.0909543380081,clone125,2030,0.0496742300371994,225,0.00794989516738239,NA,NA
SISKVGA_FVAGISYGSTTN_AYIKGIDGPTSSFL,2356,0.0903408180215361,clone126,1249,0.0305631100081094,96,0.00339195527141649,1,5.16524656821018e-05
TISSLTA_FVAGIAWGGSTN_AAGVRQRGGDQRHG,2289,0.0877717030777997,clone127,3388,0.0829045770276017,549,0.019397744208413,1,5.16524656821018e-05
YISLVSA_FVAGIARGGTTN_AATREKQGDGTNHG,2262,0.0867363881004731,clone128,2331,0.0570397193185772,212,0.00749056789104474,2,0.000103304931364204
NISNTSA_LVAGINNGGITN_VHRGFSGRYY,2232,0.0855860381256658,clone129,991,0.0242498334812141,38,0.00134264896160236,NA,NA
TIFVNVI_FVAGINNGGTTN_ALDRSYDVNYTHHE,2230,0.0855093481273453,clone130,2066,0.0505551523432778,232,0.00819722523925651,1,5.16524656821018e-05
YISGTYA_FVAGISSGGSTN_AVGYGSPRHG,2226,0.0853559681307043,clone131,2505,0.0612975104646229,236,0.00833855670889887,NA,NA
SISTGLL_FVAAISTGANTY_ALGSGDKAYP,2140,0.0820582982029233,clone132,1715,0.0419661598590133,121,0.0042752769566812,1,5.16524656821018e-05
NIFSLYR_FVATISWGGNTN_VDRTQSLGFT,2134,0.0818282282079618,clone133,1009,0.0246902946342533,52,0.0018373091053506,2,0.000103304931364204
NISSYQG_LVATISGGGSTN_ASRYWFAKDSDGLA,2112,0.0809846382264364,clone134,1527,0.0373657878161593,92,0.00325062380177413,2,0.000103304931364204
YISYTSG_FVASISDGGITY_AGHPAWEAFH,2093,0.0802560832423918,clone135,2293,0.0561098568843833,242,0.0085505539133624,NA,NA
NISRAYP_FVAGISSGGTTN_VALHSSTYGSSYHP,2092,0.0802177382432315,clone136,2682,0.0656287118028418,275,0.00971653853791181,1,5.16524656821018e-05
YIFSQAH_FVAAISEGTITN_VYDYWYSPHSDFHG,2088,0.0800643582465906,clone137,1755,0.0429449624213226,126,0.00445194129373414,NA,NA
SISDWGV_FVAGIAPGGSTN_AIATGHQRHG,2046,0.0784538682818603,clone139,1892,0.0462973611972321,151,0.00533526297899885,NA,NA
YISASST_FVAGINYGGNTN_ALFRQGPERIYYLE,2046,0.0784538682818603,clone138,3271,0.0800415795328469,403,0.0142391455664671,NA,NA
TIFRIDG_FVAAISPGGNTN_ALGTVTDYPNRRHG,2036,0.0780704182902578,clone140,2304,0.0563790275890184,416,0.0146984728428048,1,5.16524656821018e-05
TIFGGDQ_FVAGITSGSITN_VDVWSWSGDQTYHW,2035,0.0780320732910976,clone141,3467,0.0848377120881627,638,0.0225423694079554,NA,NA
TISRLGA_FVAGIAYGGSTN_AVYYNPDRLS,2031,0.0778786932944566,clone142,1383,0.0338420985918457,94,0.00332128953659531,1,5.16524656821018e-05
NIFSPHS_FVAAITWGGSTN_VKYTRVDYFS,2030,0.0778403482952964,clone143,2518,0.0616156212973734,333,0.0117658448477259,NA,NA
NISGGSV_FVAGIGKGGNTN_AVYRDSTDYAGRLG,2026,0.0776869682986554,clone144,2558,0.0625944238596828,310,0.0109531888972824,NA,NA
NISSVRS_FVAGIGGGTTTN_ALIYIAGDQVTTHG,2011,0.0771117933112517,clone145,2168,0.0530510988771666,165,0.00582992312274709,3,0.000154957397046305
TISRVGA_FVAGISEGGTTN_ALLYVETFTDHPFD,2004,0.07684337831713,clone146,2680,0.0655797716747263,408,0.0144158099035201,1,5.16524656821018e-05
NISRGTS_FVAGIAYGGNTN_VSVADAVAPGGYHP,2002,0.0767666883188095,clone147,3635,0.088948682849862,540,0.0190797484017177,NA,NA
NIFGYGT_FVAAINSGGNTN_ALLYVSLDATDSHG,1994,0.0764599283255276,clone148,2059,0.0503838618948737,273,0.00964587280309064,3,0.000154957397046305
TISSPQR_LVATIGTGGNTN_VVRGYSSKYN,1986,0.0761531683322456,clone149,826,0.020212272911688,33,0.00116598462454942,4,0.000206609862728407
TIFGSLT_FVAGISRGSTTN_AVQSRERGLA,1979,0.0758847533381239,clone150,1357,0.0332058769263446,110,0.00388661541516473,NA,NA
TISGVGS_FVAGISRGGTTN_ALIQESPITVGGHP,1941,0.0744276433700346,clone151,1133,0.0277245825774123,63,0.00222597064686707,NA,NA
NIFTTLT_FVAGINPGANTN_ALGRGPLRLE,1937,0.0742742633733936,clone152,2849,0.0697152125004833,383,0.0135324882182554,1,5.16524656821018e-05
NIFQFFE_LVAAIALGGITN_AWYGTHDPLY,1929,0.0739675033801117,clone153,2364,0.0578472314324824,260,0.00918654552675299,1,5.16524656821018e-05
SIFDLGS_FVAGINLGSSTY_AATSQSSRFG,1926,0.0738524683826309,clone154,2224,0.0544214224643997,228,0.00805589376961416,1,5.16524656821018e-05
TISYPST_FVAGIGKGGNTN_ALVHEDTVHS,1924,0.0737757783843104,clone155,1972,0.0482549663218508,242,0.0085505539133624,NA,NA
NISSSYT_LVARIDYGTSTY_ATSYVLPSGRFTFA,1920,0.0736223983876695,clone156,814,0.0199186321429952,23,0.000812655950443533,4,0.000206609862728407
SIFRFLT_FVAGISSGGTTN_ALYNGQYRHE,1912,0.0733156383943875,clone157,1956,0.0478634452969271,161,0.00568859165310473,NA,NA
NISGVGS_FVAGIGRGANTN_AIWQYSSQHG,1910,0.073238948396067,clone158,3171,0.0775945731270735,500,0.0176664337052942,NA,NA
YISNRVY_LVAAISTGSITY_AYVRYPDPYE,1872,0.0717818384279777,clone159,1888,0.0461994809410012,177,0.00625391753167415,NA,NA
NIFILSS_FVAGINIGANTN_AVHRGNRELG,1854,0.0710916284430933,clone160,3065,0.0750007463369538,515,0.018196426716453,NA,NA
TISGYRL_FVAAISYGGTTN_VPNISTTVHY,1833,0.0702863834607282,clone161,2230,0.0545682428487461,234,0.00826789097407769,NA,NA
NIFLNNY_LVASITGGGTTY_AHISYSSGAYSKFG,1830,0.0701713484632475,clone162,1972,0.0482549663218508,168,0.00593592172497885,NA,NA
TIFRVSG_FVAAIGYGGNTN_AVVFGSSSDDTSFG,1800,0.0690209984884401,clone163,2174,0.053197919261513,284,0.0100345343446071,NA,NA
NIFGVGA_FVAGINSGSNTN_VVVYFDESSGVGHG,1798,0.0689443084901196,clone164,1375,0.0336463380793838,123,0.00434594269150237,NA,NA
TISRVGA_FVAGINDGGSTN_ALIFSDYNHD,1774,0.0680240285102738,clone165,2075,0.0507753829197974,233,0.0082325581066671,NA,NA
NIFYRYV_FVAGINSGGNTN_AAYHDVFWHP,1766,0.0677172685169918,clone166,1851,0.0452940885708651,220,0.00777323083032945,2,0.000103304931364204
YISSVYS_LVATITWGGSTN_VQAYRAKHYP,1748,0.0670270585321074,clone167,1419,0.0347230208979241,118,0.00416927835444943,NA,NA
TIFSPYS_FVASITWGANTN_VQSARGSLHY,1684,0.0645729785858518,clone168,1424,0.0348453712182128,89,0.00314462519954237,1,5.16524656821018e-05
TIFGVGS_FVAGISRGATTN_ALSQKTNRDYYPHE,1663,0.0637677336034866,clone169,2143,0.0524393472757233,265,0.00936320986380593,1,5.16524656821018e-05
SISYRGT_FVATIAAGSITN_AEYYGYNYFG,1650,0.0632692486144035,clone170,2444,0.0598048365571011,328,0.011589180510673,1,5.16524656821018e-05
SISQPRT_FVAAINVGSNTN_AIAKSDSDRKNWLE,1645,0.0630775236186022,clone171,617,0.0150980295236217,24,0.000847988817854122,1,5.16524656821018e-05
NISGSAP_FVAGISSGGNTN_ALGGYDSNHG,1639,0.0628474536236408,clone172,2644,0.0646988493686479,342,0.0120838406544212,1,5.16524656821018e-05
SISNSVS_FVAGINRGGTTN_ALVKAGGYFP,1639,0.0628474536236408,clone173,1601,0.0391765725564316,277,0.00978720427273299,NA,NA
TIFAPYH_FVASIDYGGTTY_ADDGWDETLS,1638,0.0628091086244805,clone174,1598,0.0391031623642584,154,0.00544126158123062,NA,NA
NISYLSR_FVAGIGRGGTTN_VSYNYWNGFK,1625,0.0623106236353973,clone175,3109,0.076077429155494,354,0.0125078350633483,NA,NA
SISRRYV_FVAGIATGGNTK_VLDGGRDDYAIQHG,1609,0.0616971036488334,clone176,1755,0.0429449624213226,194,0.00685457627765415,2,0.000103304931364204
NISYGST_FVAAIAYGGNTN_AVVYVASQSGHRLP,1577,0.0604700636757056,clone177,1086,0.0265744895666988,68,0.00240263498392001,1,5.16524656821018e-05
NIFDAKT_FVAGINSGGNTY_AIIRLDSYDGSRHG,1545,0.0592430237025778,clone178,1764,0.0431651929978422,244,0.00862121964818357,NA,NA
YISGTSF_FVAGISRGSITY_VPDVRPDYYD,1542,0.059127988705097,clone179,1234,0.0301960590472434,93,0.00328595666918472,1,5.16524656821018e-05
TIFGDST_FVAAIGLGGNTN_AWHDGWDYVPWYYS,1538,0.0589746087084561,clone180,1686,0.041256528001339,211,0.00745523502363416,NA,NA
YISWTSY_FVAAIGHGTTTN_VWSWFDSGHS,1532,0.0587445387134946,clone181,1632,0.0399351445422214,149,0.00526459724417767,1,5.16524656821018e-05
TIFRPTY_FVAAIAVGSSTN_AVTYVDGYHG,1524,0.0584377787202126,clone182,1437,0.0351634820509633,135,0.00476993710042944,1,5.16524656821018e-05
SISGRPV_FVAAINDGGNTN_ALEKPSGIGGSYYE,1520,0.0582843987235717,clone183,1046,0.0255956870043894,67,0.00236730211650942,NA,NA
NIFGVLT_FVAGISRGANTN_ALGTPVAEYDTRLE,1518,0.0582077087252512,clone185,1120,0.0274064717446617,91,0.00321529093436355,1,5.16524656821018e-05
NIFRDRY_FVASITSGGNTN_ATSYWYSGLD,1518,0.0582077087252512,clone184,2285,0.0559140963719215,240,0.00847988817854122,NA,NA
NISYRTV_FVAGISSGGNTN_VAYIGNSQGSNRYG,1511,0.0579392937311295,clone186,1494,0.0365582757022541,141,0.00498193430489297,1,5.16524656821018e-05
TISTWGS_FVAGIAYGGTTN_AVHRGRSGHG,1508,0.0578242587336487,clone187,1264,0.0309301609689754,110,0.00388661541516473,1,5.16524656821018e-05
NIFTWGA_FVAAINLGTKTN_AVSDHPSRFG,1490,0.0571340487487643,clone188,1447,0.0354081826915406,190,0.0067132448080118,NA,NA
SIFSPIL_FVATITAGGNTN_VSGHTNIKHI,1484,0.0569039787538029,clone189,2344,0.0573578301513278,386,0.0136384868204871,1,5.16524656821018e-05
TIFTVGT_FVAGINYGGNTN_ALVTISEEVSAWYP,1478,0.0566739087588414,clone190,949,0.0232220907907893,61,0.00215530491204589,NA,NA
TISPLFS_LVASIATGASTY_VAPWSAWDLG,1478,0.0566739087588414,clone191,1385,0.0338910387199612,161,0.00568859165310473,1,5.16524656821018e-05
NISYARV_LVAGITYGGNTY_VGSSESILLS,1467,0.0562521137680787,clone192,1983,0.0485241370264859,241,0.00851522104595181,NA,NA
NIFSRSV_FVAAINPGSSTY_AAYSTSQRYG,1464,0.056137078770598,clone193,2195,0.0537117906067254,374,0.0132144924115601,NA,NA
NIFSYYY_FVASISTGGNTY_VGRYPYLVHA,1462,0.0560603887722775,clone194,1342,0.0328388259654786,102,0.00360395247588002,1,5.16524656821018e-05
SIFGRLY_FVAAIASGTSTN_ASRADYGYFN,1455,0.0557919737781558,clone195,546,0.0133606549755226,31,0.00109531888972824,1,5.16524656821018e-05
SIFIDGG_FVAAITQGSTTY_AGLGDYDYYYYWRDKVHY,1455,0.0557919737781558,clone196,1291,0.0315908526985342,120,0.00423994408927061,NA,NA
NISLSDL_FVASISYGATTN_VASQYGAGYI,1435,0.0550250737949509,clone197,1130,0.0276511723852391,62,0.00219063777945648,NA,NA
SISWLSY_FVASIGYGTSTY_AKDWLGTDYD,1429,0.0547950037999894,clone199,1089,0.026647899758872,74,0.00261463218838354,1,5.16524656821018e-05
TIFPLGV_LVATIDFGASTY_VDKQYGLGLI,1429,0.0547950037999894,clone198,1967,0.0481326160015622,366,0.0129318294722754,NA,NA
NIFFGRT_FVASIDWGANTY_VNQAGRHSPYIIYG,1418,0.0543732088092267,clone201,481,0.0117701008117699,11,0.000388661541516473,NA,NA
NISTWSG_FVAGISIGGNTN_VAGYIGPNRGNRFG,1418,0.0543732088092267,clone200,1532,0.037488138136448,195,0.00688990914506474,NA,NA
NIFSLYS_FVAAITWGSTTY_ADGIRSGGYR,1405,0.0538747238201435,clone202,1692,0.0414033483856854,202,0.00713723921693886,1,5.16524656821018e-05
YISDWGR_LVAAITDGATTY_PEDTAVYYCAANEYGGFE,1391,0.0533378938319001,clone203,1721,0.0421129802433597,259,0.0091512126593424,1,5.16524656821018e-05
NIFRVGS_FVAGIDYGTSTN_ALISEYYDEDEPHG,1374,0.052686028846176,clone204,1757,0.0429939025494381,209,0.00738456928881298,2,0.000103304931364204
NISAYWE_FVAAISIGGSTY_VEYTVTSENNTAYWDTHW,1373,0.0526476838470157,clone206,1181,0.0288991456521835,94,0.00332128953659531,NA,NA
YISYRYI_LVAAIAGGATTY_ASSFKQVEGDTDYN,1373,0.0526476838470157,clone205,2047,0.0500902211261809,342,0.0120838406544212,1,5.16524656821018e-05
YISYQGV_LVAAISRGGITY_AYLLGVDAFP,1368,0.0524559588512145,clone207,2150,0.0526106377241274,532,0.018797085462433,NA,NA
NISGTAT_FVAGINYGGNTN_AIGRRDGGHG,1360,0.0521491988579325,clone209,1083,0.0265010793745256,69,0.0024379678513306,1,5.16524656821018e-05
TIFGGSV_FVAGIARGGNTN_VAAYSDSPGRIRLR,1360,0.0521491988579325,clone208,1385,0.0338910387199612,165,0.00582992312274709,1,5.16524656821018e-05
SISRYSE_FVAAITRGGITN_VAEDYYWLVDDDYE,1351,0.0518040938654903,clone210,2034,0.0497721102934303,196,0.00692524201247533,2,0.000103304931364204
NIFDYLT_LVATIDVGGNTY_AYPGLWIYEDDTFE,1343,0.0514973338722084,clone212,1763,0.0431407229337845,227,0.00802056090220357,NA,NA
TISYGGS_FVAGISSGGTTN_AVYPARDKNYGTFP,1343,0.0514973338722084,clone211,1973,0.0482794363859086,251,0.00886854972005769,1,5.16524656821018e-05
NISARGV_FVAGISSGATTN_AAYFTGSSRNNQLG,1339,0.0513439538755674,clone213,2402,0.0587770938666763,357,0.0126138336655801,1,5.16524656821018e-05
NIFYLYK_FVAAITYGAITN_VVPSYSAAFT,1334,0.0511522288797662,clone214,2098,0.0513381943931253,319,0.0112711847039777,NA,NA
TISYLGA_FVAGINSGGNTN_AVGGYGSALR,1333,0.0511138838806059,clone215,1611,0.039421273197009,156,0.00551192731605179,NA,NA
TIFYTYY_LVATITYGGSTN_VGSWHDYTHT,1332,0.0510755388814457,clone216,1150,0.0281405736663937,95,0.0033566224040059,1,5.16524656821018e-05
YISIKSV_FVAAINRGGNTY_AALDYIDARDQKYQ,1332,0.0510755388814457,clone217,1185,0.0289970259084144,91,0.00321529093436355,1,5.16524656821018e-05
NISYKVV_FVAGIGHGSNTN_ALDRDTYIHE,1331,0.0510371938822855,clone218,1330,0.0325451851967858,123,0.00434594269150237,2,0.000103304931364204
SISSLAA_FVAGIGTGGTTN_ALSTDRVRLE,1330,0.0509988488831252,clone220,1403,0.0343314998730004,111,0.00392194828257531,NA,NA
TISYEPT_FVAAINTGAITN_ALVRAGVSANQWLE,1330,0.0509988488831252,clone219,1764,0.0431651929978422,240,0.00847988817854122,NA,NA
NISARVI_FVAGIGSGGTTN_VAVVDDPRYG,1326,0.0508454688864842,clone221,1240,0.0303428794315898,85,0.00300329372990002,NA,NA
SISGVGT_FVAGINYGANTN_VLAAARESRDVRHG,1325,0.050807123887324,clone222,1615,0.0395191534532399,210,0.00741990215622357,NA,NA
NISSSYT_LVASIDYGTRTY_ATSYVLPSGRFTFA,1315,0.0504236738957215,clone223,643,0.0157342511891228,16,0.000565325878569415,1,5.16524656821018e-05
NISYYAP_LVAAIAGGTTTY_AYEYRAQDKKRGLE,1314,0.0503853288965613,clone224,2682,0.0656287118028418,706,0.0249450043918754,NA,NA
NIFLELG_FVAGINHGTTTN_VDDPYSWSFT,1312,0.0503086388982408,clone225,1399,0.0342336196167694,144,0.00508793290712473,1,5.16524656821018e-05
SISVPTT_FVAGISGGGNTN_VPAGKRSYYG,1312,0.0503086388982408,clone226,1288,0.031517442506361,86,0.0030386265973106,1,5.16524656821018e-05
SISDETV_FVAGISFGGNTN_VTSKHPYRHG,1309,0.0501936039007601,clone227,1264,0.0309301609689754,109,0.00385128254775414,NA,NA
NISRHAA_FVAAIANGAITN_VYQWERSYFS,1299,0.0498101539091576,clone228,2174,0.053197919261513,441,0.0155817945280695,2,0.000103304931364204
NISYVGV_FVAAITGGATTN_AIIGTRDDVYFESGNTHG,1295,0.0496567739125167,clone229,1846,0.0451717382505764,316,0.0111651861017459,NA,NA
NIFKIQS_FVAGIGHGANTN_AVTYQYVDGGGSYG,1291,0.0495033939158757,clone230,1966,0.0481081459375044,268,0.00946920846603769,NA,NA
SISALGA_FVAGIAYGGNTN_ALSEYETSASGRHQ,1284,0.049234978921754,clone231,1285,0.0314440323141878,113,0.00399261401739649,NA,NA
NIFNFGA_FVAAINRGGTTN_AVGYDDLGYKDGHG,1277,0.0489665639276323,clone233,1955,0.0478389752328694,317,0.0112005189691565,NA,NA
YISRRSV_FVAGISSGGNTN_VADTDYQKHE,1277,0.0489665639276323,clone232,2459,0.0601718875179671,453,0.0160057889369966,NA,NA
NISSSYT_LVASIDYGTSPY_ATSYVLPSGRFTFA,1275,0.0488898739293118,clone234,579,0.0141681670894278,16,0.000565325878569415,1,5.16524656821018e-05
TISLKSL_FVAGIAFGGNTN_VSDYKGWGPRASHE,1267,0.0485831139360298,clone235,993,0.0242987736093296,64,0.00226130351427766,1,5.16524656821018e-05
NISYYVQ_FVASITWGGITN_ATYYNTQYHD,1261,0.0483530439410683,clone236,1296,0.0317132030188229,94,0.00332128953659531,1,5.16524656821018e-05
NIFSYRA_FVAGIGRGANTN_ALGDWSGTHE,1256,0.0481613189452671,clone237,1197,0.0292906666771072,92,0.00325062380177413,1,5.16524656821018e-05
NISWYRE_FVATINYGGTTY_VDYAYHDWSIAGSTDQFI,1255,0.0481229739461069,clone238,2469,0.0604165881585445,419,0.0148044714450365,NA,NA
SISGPLT_FVAGIGRGSNTN_VVWYDGYRFE,1252,0.0480079389486261,clone239,1553,0.0380020094816604,187,0.00660724620578003,1,5.16524656821018e-05
TIFGWVL_FVASITPGTTTY_AAYVDVYYYDSNNTDAFE,1250,0.0479312489503056,clone240,1620,0.0396415037735286,202,0.00713723921693886,1,5.16524656821018e-05
YISYIRV_FVAGISSGGTTK_VLGSQHYLPGSKHE,1245,0.0477395239545044,clone241,1693,0.0414278184497431,287,0.0101405329468389,NA,NA
NISRGGD_FVAGISYGANTN_VWGWVADTYE,1240,0.0475477989587032,clone242,607,0.0148533288830444,21,0.000741990215622357,NA,NA
TIFKSGT_FVAGINQGSNTN_ALLQAGYSGTGKLP,1236,0.0473944189620622,clone243,1385,0.0338910387199612,159,0.00561792591828356,NA,NA
NIFRHGP_FVASIGHGGTTN_AAGVSSWVYTDGYW,1213,0.0465124839813766,clone244,1178,0.0288257354600103,97,0.00342728813882708,NA,NA
SIFSSTY_LVAAITSGSTTY_AYVRVEGNYE,1207,0.0462824139864151,clone245,1308,0.0320068437875157,138,0.0048759357026612,NA,NA
YIFDAGA_FVAGIGVGTTTN_ARVRPLDSDQLYFS,1206,0.0462440689872549,clone246,1977,0.0483773166421395,416,0.0146984728428048,NA,NA
NISYVSV_FVAGINQGGSTN_VLIPRGEISANDYG,1204,0.0461673789889344,clone247,1157,0.0283118641147979,87,0.00307395946472119,NA,NA
TIFTPIL_FVAGISSGGNTN_VSSDNWYYYQ,1191,0.0456688939998512,clone248,1091,0.0266968398869875,101,0.00356861960846943,NA,NA
NISSSYT_LVASIDYGTGTY_ATSYVLPSGRFTFA,1187,0.0455155140032102,clone249,300,0.00734101921732011,4,0.000141331469642354,2,0.000103304931364204
SISVIGT_FVAGIAHGGNTK_AVRKDSGGDSVGFG,1182,0.045323789007409,clone250,1042,0.0254978067481585,65,0.00229663638168825,NA,NA
YIFGHYA_FVAGIASGGTTN_VAARQPNYLG,1180,0.0452470990090885,clone251,1691,0.0413788783216277,288,0.0101758658142495,NA,NA
SISTRSV_FVAGINIGATTN_VADKTYGDHD,1174,0.0450170290141271,clone253,1426,0.0348943113463282,151,0.00533526297899885,NA,NA
TIFYRLV_FVAGINSGGNTN_ALYRADGYYE,1174,0.0450170290141271,clone252,891,0.0218028270754407,87,0.00307395946472119,NA,NA
TISYTWD_FVAGISYGANTN_AWNWGNSHYS,1172,0.0449403390158066,clone254,1002,0.0245190041858492,59,0.00208463917722472,2,0.000103304931364204
NIFTLKA_FVAGINLGSNTN_ALARSEVYPYGAFE,1163,0.0445952340233644,clone255,850,0.0207995544490736,64,0.00226130351427766,NA,NA
NISDRPV_LVASISRGAITN_VVGRSGYWFA,1162,0.0445568890242041,clone256,1273,0.031150391545495,123,0.00434594269150237,NA,NA
NISDYRG_FVASITRGGSTN_ASVNYYDVWSGYFG,1162,0.0445568890242041,clone257,1525,0.0373168476880439,190,0.0067132448080118,1,5.16524656821018e-05
SIFRTAT_FVAGINGGSTTN_ALYYDKSYFE,1160,0.0444801990258836,clone258,1106,0.0270638908478535,182,0.00643058186872709,NA,NA
SISPRSV_FVAGITTGSSTN_VGWRDHTQHG,1155,0.0442884740300824,clone259,998,0.0244211239296182,79,0.00279129652543648,3,0.000154957397046305
TIFDAAD_FVASIDYGGTTN_VGYGSYWQVASTYY,1154,0.0442501290309222,clone261,1752,0.0428715522291494,314,0.0110945203669248,NA,NA
YISGGYD_FVAAIDPGGTTN_VSYSSLSLEWSHYVSDFY,1154,0.0442501290309222,clone260,806,0.0197228716305334,53,0.00187264197276119,1,5.16524656821018e-05
NISTRSV_FVAGITYGTTTN_VYDKGYWATGDAHD,1149,0.044058404035121,clone262,1155,0.0282629239866824,96,0.00339195527141649,1,5.16524656821018e-05
NISGNYH_LVAGISYGGTTN_VYSVYGTSFGSYYA,1147,0.0439817140368005,clone263,2177,0.0532713294536862,366,0.0129318294722754,2,0.000103304931364204
SIFSGLV_FVAGINSGGTTN_AVVAGYHDLG,1143,0.0438283340401595,clone264,1935,0.0473495739517147,354,0.0125078350633483,NA,NA
NISGLDI_LVAGIDYGANTN_ASYPNADYVSYWHD,1139,0.0436749540435185,clone265,2133,0.052194646635146,383,0.0135324882182554,2,0.000103304931364204
NISYGSV_FVAGIASGGTTN_KPEDTAVYYCAATGGSLG,1138,0.0436366090443583,clone266,1427,0.034918781410386,138,0.0048759357026612,1,5.16524656821018e-05
SISGSST_FVAGINRGTITN_VWRQRWEYYY,1132,0.0434065390493968,clone267,547,0.0133851250395803,24,0.000847988817854122,NA,NA
NISSFYT_LVASIDYGTSTY_ATSYVLPSGRFTFA,1128,0.0432531590527558,clone268,336,0.00822194152339852,5,0.000176664337052942,NA,NA
NIFQPST_FVAAISKGGSTN_ALVRTSRGDPVVLG,1121,0.0429847440586341,clone269,721,0.017642916185626,56,0.00197864057499295,NA,NA
TIFGSVS_FVAAINRGSNTF_ARILGDGSFA,1116,0.0427930190628329,clone270,249,0.00609304595037569,4,0.000141331469642354,NA,NA
NLSSSYT_LVASIDYGTSTY_ATSYVLPSGRFTFA,1113,0.0426779840653521,clone271,479,0.0117211606836544,12,0.000423994408927061,2,0.000103304931364204
NISVARV_FVAGIAYGGTTN_ALVYSQPDGGYPHP,1108,0.0424862590695509,clone272,1857,0.0454409089552115,315,0.0111298532343354,NA,NA
NISYVGV_FVAGINSGSTTN_AIVTPENHATSPFP,1105,0.0423712240720702,clone273,1539,0.0376594285848521,238,0.00840922244372004,1,5.16524656821018e-05
NIFLGYT_FVAGISVGGTTN_AASRRGSQEAHSHG,1094,0.0419494290813075,clone274,2105,0.0515094848415294,374,0.0132144924115601,NA,NA
SIFDKLI_FVAGINSGGTTN_ALVAKDVYYQVRHE,1094,0.0419494290813075,clone275,1056,0.0258403876449668,97,0.00342728813882708,1,5.16524656821018e-05
NISPYSV_FVAGINRGGITN_AAWSRVPGHS,1091,0.0418343940838268,clone277,1880,0.0460037204285393,274,0.00968120567050122,1,5.16524656821018e-05
SISRVGT_FVAGINHGSNTN_AVLVNGRPAKDAHG,1091,0.0418343940838268,clone276,1018,0.0249105252107729,99,0.00349795387364825,NA,NA
TISDSIT_FVAGISHGGITK_ALDRGANTHG,1090,0.0417960490846665,clone278,959,0.0234667914313666,142,0.00501726717230355,NA,NA
NISTWSA_FVAGINVGGSTN_AVSSLPTKHG,1084,0.0415659790897051,clone279,813,0.0198941620789375,55,0.00194330770758236,1,5.16524656821018e-05
NISGYYA_FVAGIASGGNTN_VASKTQRHLS,1081,0.0414509440922243,clone280,2152,0.0526595778522429,255,0.00900988118970004,NA,NA
NIFGLGT_FVAGINAGATTN_ALAGKGYSHG,1079,0.0413742540939038,clone282,739,0.0180833773386652,46,0.00162531190088707,1,5.16524656821018e-05
SISRPYT_FVAGIGRGGTTN_ALGSDYRGSYNSHE,1079,0.0413742540939038,clone281,1670,0.0408650069764153,234,0.00826789097407769,2,0.000103304931364204
TISKWGP_FVAGIATGGNTY_VVGYDGLRHD,1078,0.0413359090947436,clone283,1401,0.0342825597448849,170,0.00600658745980003,NA,NA
NISRVGP_FVAGIGQGGSTN_ALVNDQVDTSKYLE,1075,0.0412208740972629,clone284,872,0.0213378958583438,63,0.00222597064686707,NA,NA
NIFWDVS_FVATIAYGGTTY_VESEPQWRWTGDYP,1069,0.0409908041023014,clone285,324,0.00792830075470572,13,0.000459327276337649,NA,NA
SIFEPYT_FVAGITGGGTTN_AGYYSGYRHY,1064,0.0407990791065002,clone286,2416,0.0591196747634846,376,0.0132851581463812,NA,NA
NIFHGHY_LVATIDTGGTTY_AYRYPWYTPHLGFL,1062,0.0407223891081797,clone287,1435,0.0351145419228478,245,0.00865655251559416,NA,NA
NISLLTW_LVATISYGGITN_VSPYGDPGHY,1058,0.0405690091115387,clone288,1516,0.0370966171115243,168,0.00593592172497885,NA,NA
SISVLDE_FVASIDVGTTTY_VTVYAWNWDDPWYT,1057,0.0405306641123785,clone289,1566,0.038320120314411,212,0.00749056789104474,1,5.16524656821018e-05
NIFGRNP_LVAGISYGGNTN_VSDSYYYGSLSTYD,1056,0.0404923191132182,clone290,741,0.0181323174667807,41,0.00144864756383412,NA,NA
SISYTRY_LVATISDGSSTY_AWKSTVRYYE,1054,0.0404156291148977,clone292,760,0.0185972486838776,36,0.00127198322678118,NA,NA
TIFGSVS_FVAAINRGSNPY_ARILGDGSFA,1054,0.0404156291148977,clone291,289,0.00707184851268504,5,0.000176664337052942,1,5.16524656821018e-05
NIFESFS_FVATINRGGITN_VDYGGRYNYK,1053,0.0403772841157375,clone293,2218,0.0542746020800533,398,0.0140624812294142,NA,NA
YIFNSAV_FVAGINSGANTN_VAIPGRDNAYPRHG,1051,0.040300594117417,clone294,1230,0.0300981787910124,120,0.00423994408927061,1,5.16524656821018e-05
YIFTKAA_FVAGIGSGSNTN_VYSRERIGHG,1047,0.040147214120776,clone295,1323,0.0323738947483817,140,0.00494660143748238,NA,NA
NISSDSV_FVAAINRGTTTN_YCAVGWTDNVISGTYRYG,1042,0.0399554891249748,clone296,1543,0.0377573088410831,324,0.0114478490410306,NA,NA
TISYTSS_LVATITYGGNTY_VTSWVGSSLH,1040,0.0398787991266543,clone297,1847,0.0451962083146341,268,0.00946920846603769,1,5.16524656821018e-05
SIFGDNW_FVAAIGRGSITY_AGGSYYGYYYWKHD,1035,0.0396870741308531,clone298,1155,0.0282629239866824,168,0.00593592172497885,1,5.16524656821018e-05
SISYRLR_FVASISDGGTTY_VPLWADDEHG,1028,0.0394186591367314,clone299,1748,0.0427736719729185,296,0.0104585287535342,NA,NA
NISPSYT_LVASIDYGTSTY_ATSYVLPSGRFTFA,1020,0.0391118991434494,clone300,290,0.00709631857674277,9,0.000317995806695296,NA,NA
TIFPWDD_FVASIDGGGSTN_VDGGQPDWFT,1018,0.0390352091451289,clone301,1125,0.0275288220649504,85,0.00300329372990002,1,5.16524656821018e-05
NISRLSS_FVAAISYGGSTN_VLLFPAYRGHSSHG,1016,0.0389585191468084,clone302,852,0.0208484945771891,98,0.00346262100623766,NA,NA
NIFSSYT_LVASIDYGTSTY_ATSYVLPSGRFTFA,1011,0.0387667941510072,clone303,328,0.00802618101093665,9,0.000317995806695296,NA,NA
TISNGST_FVAGIGRGSNTN_AYFSDPAPHG,1010,0.038728449151847,clone304,1282,0.0313706221220146,132,0.00466393849819767,1,5.16524656821018e-05
NISEDHY_FVATINSGANTN_VLSYWYDDHD,1009,0.0386901041526867,clone305,1711,0.0418682796027823,334,0.0118011777151365,NA,NA
SIFNLRS_FVAGISGGGSTN_VAGAWRTGPNSGYP,1008,0.0386517591535265,clone306,1227,0.0300247685988392,169,0.00597125459238944,NA,NA
NIFKIVS_FVAGIGSGGNTY_VRAQHEDGQYGAFG,1007,0.0386134141543662,clone307,912,0.0223166984206531,120,0.00423994408927061,NA,NA
SISDSYK_LVATISHGATTN_VVRGYSGLFN,1002,0.038421689158565,clone309,689,0.0168598741357785,47,0.00166064476829766,NA,NA
TISSLRG_FVAGIGYGGTTN_VVDYDYDYHP,1002,0.038421689158565,clone308,1285,0.0314440323141878,135,0.00476993710042944,NA,NA
NISSKNT_FVAGIGGGGNTN_AVVYYTIGDTSRHG,1001,0.0383833441594048,clone310,1208,0.0295598373817423,99,0.00349795387364825,NA,NA
NISHQPA_FVAGIASGGNTN_VTGHGAGSFG,999,0.0383066541610843,clone311,2009,0.049160358691987,360,0.0127198322678118,1,5.16524656821018e-05
YISKRGV_FVAGINFGGTTN_AYLAYDTWLE,999,0.0383066541610843,clone312,494,0.0120882116445204,78,0.0027559636580259,NA,NA
NISHLRA_FVAGIGSGGITN_ALHGGDTVFP,989,0.0379232041694818,clone313,1347,0.0329611762857673,147,0.0051939315093565,NA,NA
NISYRLT_FVAGIAGGGNTN_AIYAQAGPDYLGYP,987,0.0378465141711613,clone314,1393,0.034086799232423,223,0.00787922943256122,NA,NA
NISFSYT_LVASIDYGTSTY_ATSYVLPSGRFTFA,982,0.0376547891753601,clone315,284,0.00694949819239637,11,0.000388661541516473,NA,NA
NIFYPWA_LVAAINYGANTY_VYTGDHEGYN,975,0.0373863741812384,clone316,1139,0.0278714029617587,111,0.00392194828257531,1,5.16524656821018e-05
NISRYAI_FVAAINYGTSTN_AYQWEAKYFV,975,0.0373863741812384,clone318,1326,0.0324473049405549,113,0.00399261401739649,NA,NA
YISYVGA_FVAGINTGGNTN_AVESQSRDHR,975,0.0373863741812384,clone317,1476,0.0361178145492149,182,0.00643058186872709,NA,NA
NISSPYT_LVASIDYGTSTY_ATSYVLPSGRFTFA,965,0.037002924189636,clone319,216,0.00528553383647048,7,0.000247330071874119,NA,NA
YISYGDV_FVAAINYGTTTK_AYVVGDFYHD,963,0.0369262341913155,clone320,1804,0.0441439955601516,299,0.0105645273557659,NA,NA
SISQHER_FVASISSGGSTY_VYTRSWIVHE,957,0.036696164196354,clone321,1208,0.0295598373817423,146,0.00515859864194591,NA,NA
TISSRLG_FVAGIGSGGNTN_AVSPDPRGHG,955,0.0366194741980335,clone322,1334,0.0326430654530167,118,0.00416927835444943,1,5.16524656821018e-05
NISYSLA_FVAGIGSGSNTN_AYGGQGGSFG,952,0.0365044392005528,clone323,984,0.02407854303281,121,0.0042752769566812,1,5.16524656821018e-05
NISQWGT_FVAGIGKGGNTN_ALVVDKRIQEQTLG,947,0.0363127142047516,clone324,820,0.0200654525273416,66,0.00233196924909884,1,5.16524656821018e-05
NISRYAP_FVASISWGGNTN_ATWDVYYEQGVPHD,945,0.0362360242064311,clone325,1419,0.0347230208979241,215,0.00759656649327651,1,5.16524656821018e-05
NIFGGKP_FVASINSGGNTN_AYTGWQDWQLSGFT,941,0.0360826442097901,clone326,953,0.0233199710470202,101,0.00356861960846943,NA,NA
SIFGTWT_LVAAIGRGTNTY_AINTSYAKDRYNFY,939,0.0360059542114696,clone327,1248,0.0305386399440516,124,0.00438127555891296,NA,NA
SIFSQSA_FVAGISYGGTTN_VTAGHGGGHG,932,0.0357375392173479,clone328,1214,0.0297066577660887,188,0.00664257907319062,1,5.16524656821018e-05
NISARPT_FVAGIASGGNTN_ALDQRRTTQVVGFG,930,0.0356608492190274,clone329,1325,0.0324228348764971,173,0.0061125860620318,NA,NA
NISSKVT_FVAGIGRGGTTN_AVVRDGAGLG,928,0.0355841592207069,clone331,1138,0.0278469328977009,144,0.00508793290712473,NA,NA
SIFSVKG_FVAAIGRGGITN_VVVDITSDYGHGLA,928,0.0355841592207069,clone330,1610,0.0393968031329512,321,0.0113418504387989,NA,NA
SISRGRD_LVAGITDGSITN_VHRGYTGLYY,907,0.0347789142383418,clone332,1398,0.0342091495527117,177,0.00625391753167415,NA,NA
SISYRRR_LVASISGGSTTY_AVLRVYARDYQYYD,903,0.0346255342417008,clone333,702,0.017177984968529,31,0.00109531888972824,NA,NA
TISFRGV_FVAGIDYGGNTY_ARSSDGPIHG,899,0.0344721542450598,clone334,817,0.0199920423351684,78,0.0027559636580259,NA,NA
NISILSL_FVAGISYGGITN_VSGQPYYYYS,896,0.0343571192475791,clone335,1091,0.0266968398869875,118,0.00416927835444943,1,5.16524656821018e-05
SISYRYH_FVAAISGGASTN_ATRDYYHLYSGYFP,894,0.0342804292492586,clone336,1463,0.0357997037164644,227,0.00802056090220357,NA,NA
YIFGYYS_FVAGIAGGSSTY_AGLYYTADGNTYYD,893,0.0342420842500984,clone337,532,0.0130180740787143,48,0.00169597763570824,NA,NA
YISQVGP_FVAGISYGGTTN_AVVADDSHLG,891,0.0341653942517779,clone338,1025,0.025081815659177,106,0.00374528394552237,NA,NA
SIFPSVV_FVAGINTGGNTN_AVRTNGGRHG,886,0.0339736692559766,clone340,1169,0.0286055048834907,131,0.00462860563078708,NA,NA
TISRLNV_FVAGINLGGNTN_APKYGSGGFG,886,0.0339736692559766,clone339,980,0.023980662776579,110,0.00388661541516473,NA,NA
NISSIRA_FVAGIAHGGTTN_AVTSQVTRLG,880,0.0337435992610152,clone341,1910,0.0467378223502713,602,0.0212703861811742,1,5.16524656821018e-05
NIFEYVA_LVAAIGRGTTTY_VAPESYSGHL,876,0.0335902192643742,clone343,1286,0.0314685023782455,183,0.00646591473613768,NA,NA
TISKYTS_LVASISRGGITY_LERDYYWQHQ,876,0.0335902192643742,clone342,492,0.012039271516405,32,0.00113065175713883,1,5.16524656821018e-05
NIFLVYS_FVAGINQGTNTY_ALVAGSVRSSYKHG,875,0.033551874265214,clone344,1418,0.0346985508338664,259,0.0091512126593424,1,5.16524656821018e-05
SIFYRGA_FVAGISSGGSTN_ATYVDTEYRGHTLG,873,0.0334751842668935,clone345,1065,0.0260606182214864,142,0.00501726717230355,NA,NA
TISYAGA_FVAGISVGGITN_ALVRYSHGVKNSFE,873,0.0334751842668935,clone346,1248,0.0305386399440516,268,0.00946920846603769,NA,NA
TISQRPV_LVAGINYGANTY_VADRGGPDKSYWHD,871,0.033398494268573,clone347,1651,0.0404000757593183,320,0.0113065175713883,NA,NA
YISGVGV_FVAGIAHGGNTN_ALADVQTDQTSVKTGKLP,863,0.033091734275291,clone348,1291,0.0315908526985342,204,0.00720790495176004,NA,NA
NIFDIRT_FVAAINTGGNTN_VLLTLDWESRSPHG,862,0.0330533892761308,clone349,1537,0.0376104884567367,283,0.00999920147719652,NA,NA
NIFGLLV_FVAGIGSGGNTN_ALDLHTQSLE,859,0.03293835427865,clone350,1404,0.0343559699370581,186,0.00657191333836944,NA,NA
NIFDVRT_LVAGINRGGITK_ALYLEPSHDWRDYGSYHE,857,0.0328616642803296,clone351,1372,0.0335729278872106,294,0.010387863018713,2,0.000103304931364204
NISYVSS_FVAGIDYGSSTN_ALVSSSDSHGIRHG,852,0.0326699392845283,clone352,359,0.0087847529967264,5,0.000176664337052942,NA,NA
TISYSGF_FVASITYGASTN_VNRGWDYDLD,849,0.0325549042870476,clone353,1498,0.0366561559584851,180,0.00635991613390591,NA,NA
TISYSGT_FVAAINYGGNTN_AVAAQSRTPNPTLG,845,0.0324015242904066,clone354,1863,0.0455877293395579,329,0.0116245133780836,1,5.16524656821018e-05
NISTGPV_FVAAINSGSNTY_AYDGTRRYDSEVHD,844,0.0323631792912464,clone355,1698,0.0415501687700318,329,0.0116245133780836,1,5.16524656821018e-05
NIFKVHA_FVAGIGAGGNTN_AIVDSPRSKAEPHP,841,0.0322481442937656,clone356,736,0.018009967146492,52,0.0018373091053506,NA,NA
SIFEVRS_FVAGINRGTTTN_ALLAVGQTTLEYLE,838,0.0321331092962849,clone357,825,0.0201878028476303,170,0.00600658745980003,NA,NA
SISYYDA_FVAGIGSGGNTN_ALSRSRSEYAKGHG,834,0.0319797292996439,clone358,1359,0.0332548170544601,187,0.00660724620578003,NA,NA
TISTPYV_FVAGIAGGTTTY_VVRWRSTAHE,831,0.0318646943021632,clone359,1285,0.0314440323141878,189,0.00667791194060121,NA,NA
NISARIV_FVAAITNGGSTY_VRYRSIDAETVALN,828,0.0317496593046825,clone360,986,0.0241274831609254,94,0.00332128953659531,1,5.16524656821018e-05
NISGLGA_FVAGIGSGGNTN_ATINTAPDLG,828,0.0317496593046825,clone361,981,0.0240051328406367,123,0.00434594269150237,NA,NA
TISSVVS_FVAGIGRGGNTN_ALIKPRFQDHYEQSSTFG,826,0.031672969306362,clone362,660,0.0161502422781042,60,0.0021199720446353,NA,NA
NIFSIRG_FVAAIGSGSNTN_AVVQSYRYEADGLP,821,0.0314812443105607,clone363,1010,0.024714764698311,77,0.00272063079061531,NA,NA
YISSDYA_LVASINFGTTTN_AKAYYYSDYD,817,0.0313278643139198,clone364,1014,0.024812644954542,114,0.00402794688480708,NA,NA
NIFYSSR_LVAGIDTGANTY_VLTYYTSSFG,815,0.0312511743155993,clone366,1444,0.0353347724993675,271,0.00957520706826946,NA,NA
NISEPVY_LVAAIGVGTNTY_AYVYLPYSDRGGYE,815,0.0312511743155993,clone365,592,0.0144862779221783,94,0.00332128953659531,1,5.16524656821018e-05
NISYRPV_FVAGIGYGGSTN_VLVDGRNNLG,811,0.0310977943189583,clone367,1519,0.0371700273036975,282,0.00996386860978593,1,5.16524656821018e-05
SISRLGP_FVAAINIGGITN_ALAGGDWEGKKLLE,809,0.0310211043206378,clone368,711,0.0173982155450487,64,0.00226130351427766,NA,NA
SISSPQN_FVAGIGAGGSTN_VAITRRDARQERLG,806,0.0309060693231571,clone369,1462,0.0357752336524067,203,0.00717257208434945,1,5.16524656821018e-05
TISAVRA_FVAGINYGGTTN_ALYYQYKGTTKLHE,805,0.0308677243239968,clone370,640,0.0156608409969496,47,0.00166064476829766,NA,NA
NIFGFGP_FVAGISSGATTY_AVSKKPYSHE,800,0.0306759993281956,clone371,1421,0.0347719610260396,174,0.00614791892944238,NA,NA
TIFYGYM_LVAAIGYGGNTN_VYKPYDLHFS,799,0.0306376543290354,clone372,662,0.0161991824062197,50,0.00176664337052942,2,0.000103304931364204
TISRPTY_FVASITRGGITN_AWHYVDSTLA,797,0.0305609643307149,clone373,824,0.0201633327835726,69,0.0024379678513306,1,5.16524656821018e-05
NIFPSAA_FVAGISTGGSTN_AAVTRSAEHG,795,0.0304842743323944,clone375,1390,0.0340133890402498,180,0.00635991613390591,NA,NA
NISTHYA_FVAGIGSGANTN_VSGYYPPLRYDRFS,795,0.0304842743323944,clone374,1194,0.029217256484934,218,0.00770256509550827,1,5.16524656821018e-05
TISGTYV_LVAGINSGTITY_VAKWNDDKHE,794,0.0304459293332341,clone377,742,0.0181567875308384,51,0.00180197623794001,NA,NA
YISRLTA_LVAAISGGSSTY_AYDKVSGGHE,794,0.0304459293332341,clone376,708,0.0173248053528755,60,0.0021199720446353,1,5.16524656821018e-05
NISYDLV_FVAGINSGSSTN_AASKKYKPLG,793,0.0304075843340739,clone378,930,0.0227571595736923,89,0.00314462519954237,NA,NA
SIFGVFD_FVAAIDDGGITN_VDYNSRYNWKDYFV,784,0.0300624793416317,clone379,904,0.0221209379081913,117,0.00413394548703884,1,5.16524656821018e-05
TIFGSVS_FVAAINRGRNTY_ARILGDGSFA,783,0.0300241343424715,clone380,209,0.00511424338806634,4,0.000141331469642354,NA,NA
YISGYSR_LVATIDQGGITY_VTDYGAWWRHTNFD,781,0.029947444344151,clone381,1467,0.0358975839726953,433,0.0152991315887848,NA,NA
NISVRYT_FVAGIGRGGNTN_AVGRTDSANHAVLG,777,0.02979406434751,clone383,1099,0.0268926003994493,171,0.00604192032721062,NA,NA
SISVGSM_FVAGISLGANTN_AIGKQEVSLGRGHG,777,0.02979406434751,clone382,924,0.0226103391893459,119,0.00420461122186002,NA,NA
YISDYNA_LVASIDYGASTN_VRGWLDTVHA,774,0.0296790293500293,clone384,795,0.0194537009258983,89,0.00314462519954237,NA,NA
NIFDYFL_FVASIDPGSITN_ASYGSYDPLY,773,0.029640684350869,clone385,1193,0.0291927864208763,143,0.00505260003971414,1,5.16524656821018e-05
NISTQGA_FVAGINSGGTTN_VYIRDWSGSHSGFR,772,0.0296023393517088,clone386,1541,0.0377083687129676,259,0.0091512126593424,1,5.16524656821018e-05
NIFAGST_FVAGISRGGTTY_AVYHYKNSYE,771,0.0295639943525485,clone387,1098,0.0268681303353916,140,0.00494660143748238,NA,NA
SISQRDI_FVAGINQGASTN_VASYNRQASWRRLE,769,0.029487304354228,clone388,1033,0.0252775761716389,154,0.00544126158123062,NA,NA
TISSSVT_FVASINSGGITY_VVRGYSGRHY,769,0.029487304354228,clone389,1001,0.0244945341217914,170,0.00600658745980003,2,0.000103304931364204
SISSLGA_FVAGISSGTNTN_VTGGRLRGHG,767,0.0294106143559075,clone390,1434,0.0350900718587901,222,0.00784389656515063,NA,NA
TIFRARA_FVATISPGGNTN_AGYDWQWHDVQGLV,766,0.0293722693567473,clone391,593,0.0145107479862361,41,0.00144864756383412,NA,NA
YISSVST_FVAAINKGGSTN_AISYSKTPHG,765,0.0293339243575871,clone392,890,0.021778357011383,91,0.00321529093436355,NA,NA
TIFYLNT_FVAAINYGGTTN_ALGYDAGYHE,762,0.0292188893601063,clone393,1196,0.0292661966130495,144,0.00508793290712473,NA,NA
NISSWGS_FVAAINTGGSTN_ALTSYLEYPWHRHG,758,0.0290655093634653,clone395,1161,0.0284097443710288,203,0.00717257208434945,NA,NA
SISGRLG_FVAGIGSGGNTN_AVSLSSTQYHSKHG,758,0.0290655093634653,clone394,961,0.0235157315594821,113,0.00399261401739649,NA,NA
TISYWST_FVAGINSGGTTN_AALARSQDLQQGLG,757,0.0290271643643051,clone396,762,0.0186461888119931,57,0.00201397344240354,NA,NA
NIFLDKT_LVASITRGGTTY_AWDWSTYVVPHGLA,755,0.0289504743659846,clone398,1163,0.0284586844991443,157,0.00554726018346238,NA,NA
TISRAPP_LVAGISRGGITY_VLLKSRDGLV,755,0.0289504743659846,clone397,625,0.0152937900360836,89,0.00314462519954237,1,5.16524656821018e-05
NISARLV_FVAGISSGGNTN_VGDYGPVPHE,752,0.0288354393685039,clone399,707,0.0173003352888177,40,0.00141331469642354,NA,NA
NISTVLT_FVAGINAGTNTN_ALRGPYNRHG,751,0.0287970943693436,clone400,1264,0.0309301609689754,316,0.0111651861017459,NA,NA
NISDGYA_LVAAIAGGSTTY_VVAYGGRGLE,750,0.0287587493701834,clone401,1033,0.0252775761716389,234,0.00826789097407769,NA,NA
NISRWGD_FVAAIDTGTNTY_AVTRTVTRLL,749,0.0287204043710231,clone402,932,0.0228060997018078,141,0.00498193430489297,NA,NA
TISLDVM_FVAGINYGASTN_ALGRSPGRHA,748,0.0286820593718629,clone403,808,0.0197718117586488,68,0.00240263498392001,NA,NA
NISSSYT_LVASIDYGTSTF_ATSYVLPSGRFTFA,747,0.0286437143727027,clone404,311,0.00761018992195518,10,0.000353328674105884,3,0.000154957397046305
NISAWKA_FVAGIGSGGSTN_ALGAPSTNSEGIYE,743,0.0284903343760617,clone406,531,0.0129936040146566,27,0.000953987420085887,NA,NA
TIFDWDS_FVAGIAQGATTN_VRYWWGDGLP,743,0.0284903343760617,clone405,707,0.0173003352888177,47,0.00166064476829766,NA,NA
NISDSYV_FVAGISLGGSTN_VAISNGARHG,742,0.0284519893769014,clone407,1548,0.0378796591613718,260,0.00918654552675299,1,5.16524656821018e-05
NISLYVV_FVAGINYGSTTN_VYEPHYASSVDYHD,742,0.0284519893769014,clone409,949,0.0232220907907893,123,0.00434594269150237,NA,NA
TIFPIGA_FVAGITQGSTTN_ALIRSGYNTEPIFP,742,0.0284519893769014,clone408,992,0.0242743035452718,117,0.00413394548703884,1,5.16524656821018e-05
NIFRYLD_FVASIDLGANTN_AADGATDRYD,741,0.0284136443777412,clone410,1054,0.0257914475168513,246,0.00869188538300475,NA,NA
SIFVWER_LVAAISQGGNTY_VDGKIKGQYW,740,0.0283752993785809,clone411,818,0.0200165123992262,75,0.00264996505579413,NA,NA
TISSRVV_FVAGIARGGNTN_AVVLDRYNHE,740,0.0283752993785809,clone412,644,0.0157587212531805,49,0.00173131050311883,NA,NA
SIFANYV_LVAAINYGTITY_VATKGYDRHE,735,0.0281835743827797,clone413,1103,0.0269904806556803,187,0.00660724620578003,NA,NA
NISHAGP_FVAGIARGSNTN_AIYYVHVGGSKSYS,730,0.0279918493869785,clone414,1558,0.0381243598019491,292,0.0103171972838918,NA,NA
NISGDYA_FVAGIRGGGNTN_VRSKDRDGFA,728,0.027915159388658,clone415,598,0.0146330983065247,22,0.000777323083032945,NA,NA
NISDVGN_FVAAIGPGSNTY_VHLSSRASSLHYFY,727,0.0278768143894978,clone416,1174,0.0287278552037794,135,0.00476993710042944,NA,NA
NISSSYT_LVASIDYGTSAY_ATSYVLPSGRFTFA,723,0.0277234343928568,clone417,153,0.00374391980083325,3,0.000105998602231765,NA,NA
TISRAWA_FVAAINYGTITN_VLVNRDGYHE,721,0.0276467443945363,clone418,1300,0.0318110832750538,217,0.00766723222809769,NA,NA
TISSVRV_FVAGINRGGNTN_VLAYYSGFYE,719,0.0275700543962158,clone419,494,0.0120882116445204,39,0.00137798182901295,NA,NA
TISGAQA_FVAGIASGSNTN_TAVYYCAALVRFNGTDHP,709,0.0271866044046134,clone420,553,0.0135319454239267,30,0.00105998602231765,1,5.16524656821018e-05
YISSVSV_FVAGINDGTNTN_AVLKPQYPTYGSYG,708,0.0271482594054531,clone421,868,0.0212400156021128,99,0.00349795387364825,NA,NA
SISRWGT_FVAGISVGASTN_ALASEQKGLG,706,0.0270715694071326,clone422,825,0.0201878028476303,87,0.00307395946472119,1,5.16524656821018e-05
SISYVGT_FVAGINYGANTN_VLYRKYESGYQYLD,704,0.0269948794088121,clone423,1169,0.0286055048834907,231,0.00816189237184592,NA,NA
YIFHHPT_FVAGISVGGNTN_ALWAKGEYYHDRHG,704,0.0269948794088121,clone424,1144,0.0279937532820473,200,0.00706657348211768,NA,NA
NISFKGT_FVAGIGYGGTTY_ATGSDRSQHG,702,0.0269181894104917,clone425,614,0.0150246193314485,56,0.00197864057499295,1,5.16524656821018e-05
SIFYGAV_FVAAINKGASTN_ALYYSDAYFE,701,0.0268798444113314,clone426,1016,0.0248615850826574,139,0.00491126857007179,2,0.000103304931364204
SIFTGLT_FVAGINRGGTTN_ALGGDKGEKRSRYY,700,0.0268414994121712,clone427,951,0.0232710309189047,99,0.00349795387364825,NA,NA
SIFRYRP_FVASITWGSITN_VYDTSHGRPYSTFE,698,0.0267648094138507,clone428,1358,0.0332303469904024,219,0.00773789796291886,NA,NA
SISGHST_LVATIGYGGNTY_AVAYHDWYHT,696,0.0266881194155302,clone429,1153,0.0282139838585669,149,0.00526459724417767,1,5.16524656821018e-05
SIFSGYY_FVAGINLGTTTN_AASAKHRGLG,695,0.0266497744163699,clone431,839,0.0205303837444386,70,0.00247330071874119,NA,NA
TIFNYSA_FVAGINRGGTTN_AVESAASHHG,695,0.0266497744163699,clone430,1065,0.0260606182214864,111,0.00392194828257531,1,5.16524656821018e-05
SISSEWV_LVAAIASGGTTY_VARAPVSDYYGDLE,694,0.0266114294172097,clone432,1418,0.0346985508338664,299,0.0105645273557659,NA,NA
TISKVGT_FVAGIGWGGTTN_VLLQGGGSYG,693,0.0265730844180494,clone433,1040,0.025448866620043,165,0.00582992312274709,NA,NA
NIFGYPD_LVATISSGGITN_VIRGYTGAFY,689,0.0264197044214085,clone434,1139,0.0278714029617587,224,0.0079145622999718,1,5.16524656821018e-05
NISYSGY_LVATITRGSITN_VYIDWSSSFG,689,0.0264197044214085,clone435,965,0.023613611815713,51,0.00180197623794001,1,5.16524656821018e-05
SIFAYGA_FVAGINDGTNTN_ATSTLDKRHG,685,0.0262663244247675,clone437,1367,0.0334505775669219,220,0.00777323083032945,1,5.16524656821018e-05
SIFHYRD_LVAGITRGGTTY_VYDAYGRGLV,685,0.0262663244247675,clone436,605,0.0148043887549289,38,0.00134264896160236,1,5.16524656821018e-05
TISSWGV_FVAGIGRGTTTN_ARHFTPEGFG,684,0.0262279794256072,clone438,896,0.0219251773957294,145,0.00512326577453532,1,5.16524656821018e-05
NISYYSP_FVAGINDGSITN_ALVRSHQPFE,682,0.0261512894272868,clone440,910,0.0222677582925377,97,0.00342728813882708,NA,NA
YIFGWTN_FVASITWGTTTN_AYYDHQGHYY,682,0.0261512894272868,clone439,1087,0.0265989596307565,177,0.00625391753167415,1,5.16524656821018e-05
SISWKST_FVAGINWGGTTN_ATYQYDGRHD,681,0.0261129444281265,clone441,1061,0.0259627379652554,144,0.00508793290712473,NA,NA
NIFRVKS_FVAGISRGANTN_ALIISAGGAVNYYP,680,0.0260745994289663,clone442,764,0.0186951289401085,114,0.00402794688480708,NA,NA
NISGVTV_FVAGINIGGTTN_VLAGYTYYNNGHLE,680,0.0260745994289663,clone443,1080,0.0264276691823524,184,0.00650124760354827,2,0.000103304931364204
YISGGGS_FVAAISYGGSTN_ALYYQGRYHE,680,0.0260745994289663,clone444,1042,0.0254978067481585,200,0.00706657348211768,NA,NA
TISLVSR_FVASIASGSSTN_VIRGYSGDFY,679,0.026036254429806,clone445,497,0.0121616218366936,27,0.000953987420085887,NA,NA
TISGLST_FVAGINRGSTTN_VVVNTGSTTDSYHG,678,0.0259979094306458,clone446,298,0.00729207908920464,14,0.000494660143748238,NA,NA
YISRYYW_FVAGINFGATTY_VGPYSDRRFD,678,0.0259979094306458,clone447,634,0.0155140206126032,47,0.00166064476829766,NA,NA
NIFRENV_FVAGIAYGGNTN_ATGSGVKRLG,674,0.0258445294340048,clone448,747,0.0182791378511271,69,0.0024379678513306,NA,NA
NIFYASV_FVAGISKGTNTN_VLYRSNDYARSYFE,673,0.0258061844348446,clone449,840,0.0205548538084963,99,0.00349795387364825,NA,NA
NISNVKT_FVAAINTGGTTN_AVLVGAYGHG,668,0.0256144594390433,clone450,1368,0.0334750476309797,288,0.0101758658142495,1,5.16524656821018e-05
TISNWGP_FVAAINVGATTN_AVRQKPSTFG,668,0.0256144594390433,clone451,1104,0.027014950719738,213,0.00752590075845533,NA,NA
NIFPYSN_FVAGISKGGSTN_ALYVDLYSHG,667,0.0255761144398831,clone452,947,0.0231731506626738,153,0.00540592871382003,1,5.16524656821018e-05
YISGSGI_FVAGINYGGTTN_ALYRFTTNGTNYHE,663,0.0254227344432421,clone453,582,0.014241577281601,83,0.00293262799507884,NA,NA
SIFVQAT_FVASINDGGSTN_VDSWYTYAFD,659,0.0252693544466011,clone454,664,0.0162481225343352,76,0.00268529792320472,NA,NA
NIFTRAT_FVAGISTGGNTK_ALFTTGGQLY,656,0.0251543194491204,clone456,1554,0.0380264795457182,376,0.0132851581463812,NA,NA
YISSYPT_LVATIAHGSTTY_VRNKYASYFV,656,0.0251543194491204,clone455,1281,0.0313461520579569,215,0.00759656649327651,NA,NA
SIFQLTT_FVAGINRGATTN_ALGERSTDYDYPHG,655,0.0251159744499602,clone457,1108,0.0271128309759689,160,0.00565325878569415,NA,NA
NISSSSL_FVAAIDSGGNTN_AWRAYGTYLYGPLR,653,0.0250392844516397,clone458,757,0.0185238384917044,89,0.00314462519954237,NA,NA
NIFRLGS_FVAGISFGGSTN_ALSPRPARDRSGFG,652,0.0250009394524794,clone459,1232,0.0301471189191279,230,0.00812655950443534,NA,NA
NISSPNA_FVAGISYGGNTY_AYYVDDVEYP,651,0.0249625944533192,clone460,995,0.024347713737445,191,0.00674857767542239,NA,NA
TISYLGP_FVAGINDGGTTN_AVVLHDGYHRSKHG,647,0.0248092144566782,clone461,829,0.0202856831038612,126,0.00445194129373414,2,0.000103304931364204
SIFEASA_FVAGISTGGSTN_AYHKGDRTLY,646,0.024770869457518,clone462,878,0.0214847162426902,116,0.00409861261962826,NA,NA
YISTYRT_FVAAIARGSNTN_ATSTYIEREYGIHG,645,0.0247325244583577,clone463,1685,0.0412320579372813,431,0.0152284658539636,NA,NA
TIFSWGA_FVAGINSGATTN_AIQSSGNGHG,644,0.0246941794591975,clone464,566,0.0138500562566773,52,0.0018373091053506,NA,NA
YIFRYPP_FVATISWGGTTN_VYQDSTYAFY,639,0.0245024544633962,clone465,652,0.0159544817656424,69,0.0024379678513306,NA,NA
NISWWGT_FVAAINFGGTTN_ALGGYSDAYSQSFG,637,0.0244257644650758,clone466,571,0.0139724065769659,58,0.00204930630981413,NA,NA
NISKDRV_FVAGIAYGGTTY_ALEYGTKSFQ,635,0.0243490744667553,clone467,428,0.01047318741671,42,0.00148398043124471,NA,NA
NISSSYT_LVASIAYGTSTY_ATSYVLPSGRFTFA,635,0.0243490744667553,clone468,375,0.00917627402165013,7,0.000247330071874119,2,0.000103304931364204
NISGVGA_FVAGINRGGSTN_ALVYGYNDLS,634,0.024310729467595,clone469,772,0.0188908894525704,72,0.00254396645356237,NA,NA
NIFVVNG_FVASIDWGGNTN_APSTYSYVDDQLYR,632,0.0242340394692745,clone470,762,0.0186461888119931,177,0.00625391753167415,1,5.16524656821018e-05
SISGLSS_FVAAIGTGGSTN_ALVKKYIDKTGNTEYSFG,631,0.0241956944701143,clone471,762,0.0186461888119931,77,0.00272063079061531,1,5.16524656821018e-05
SIFKPGV_FVAGIAYGGNTN_AIASDNGHLG,630,0.024157349470954,clone472,560,0.0137032358723309,39,0.00137798182901295,NA,NA
PIFGSVS_FVAAINRGSNTY_ARILGDGSFA,629,0.0241190044717938,clone473,147,0.00359709941648685,1,3.53328674105884e-05,1,5.16524656821018e-05
NISYYGA_FVAAISSGSSTN_VLVHAQTDHRTRHG,628,0.0240806594726336,clone474,1151,0.0281650437304515,190,0.0067132448080118,NA,NA
TIFGVRS_FVAGISYGGNTN_ALIRPYSSARDVFP,627,0.0240423144734733,clone475,559,0.0136787658082731,61,0.00215530491204589,NA,NA
SISGEDN_FVAGISYGGNTY_VVSYHDRRLG,625,0.0239656244751528,clone476,865,0.0211666054099396,93,0.00328595666918472,1,5.16524656821018e-05
NISRRAA_FVAGINSGGITN_AVYINDGGHPKRHD,624,0.0239272794759926,clone477,695,0.0170066945201249,48,0.00169597763570824,1,5.16524656821018e-05
NIFRSGE_LVAAISFGGTTY_ATNATSSYFW,622,0.0238505894776721,clone480,1236,0.0302449991753588,215,0.00759656649327651,NA,NA
NISAQST_FVAGISLGGNTN_ALYYLNVDKISRFG,622,0.0238505894776721,clone479,642,0.015709781125065,64,0.00226130351427766,1,5.16524656821018e-05
SIFKSSS_FVAGIGTGGSTN_ALYYASDSGRASFG,622,0.0238505894776721,clone478,958,0.0234423213673089,140,0.00494660143748238,1,5.16524656821018e-05
SISFYGV_FVAGINYGGSTN_AYYPGGQYHD,617,0.0236588644818709,clone481,880,0.0215336563708056,99,0.00349795387364825,NA,NA
TISGSLT_FVAGIGKGGNTN_AISKKQESSPAAYQ,617,0.0236588644818709,clone483,532,0.0130180740787143,32,0.00113065175713883,NA,NA
TISLYGV_LVAGISYGSTTY_AVSYAVPDFS,617,0.0236588644818709,clone482,927,0.0226837493815191,141,0.00498193430489297,NA,NA
TISVGSA_FVAGIGGGGSTN_VVSYREPRFG,617,0.0236588644818709,clone484,1189,0.0290949061646454,181,0.0063952490013165,2,0.000103304931364204
NIFRRDS_LVAAITRGGNPY_VSSARQQYFW,615,0.0235821744835504,clone485,592,0.0144862779221783,29,0.00102465315490706,NA,NA
NISARWT_FVAGINKGGTTY_ALDGRSYGYDSYHG,611,0.0234287944869094,clone486,1159,0.0283608042429133,348,0.0122958378588848,NA,NA
NISRPIT_FVAGINAGGSTN_ALISSWGDTKGYYQ,611,0.0234287944869094,clone487,959,0.0234667914313666,151,0.00533526297899885,NA,NA
NIFTTRS_FVASISYGATTN_VTRKAWGEFI,608,0.0233137594894287,clone488,824,0.0201633327835726,98,0.00346262100623766,NA,NA
NISRPYA_FVAGIASGGNTN_ALGYKGDGHG,608,0.0233137594894287,clone489,619,0.0151469696517372,47,0.00166064476829766,NA,NA
SISGGLA_FVAGIASGGNTN_ALGSGSRHHA,606,0.0232370694911082,clone490,602,0.0147309785627557,46,0.00162531190088707,1,5.16524656821018e-05
YIFPQGY_FVATIAHGTITY_VKSADGLYYDGGYN,605,0.0231987244919479,clone491,435,0.0106444778651142,42,0.00148398043124471,NA,NA
NISRSAV_FVAGINAGASTY_VLDRDGEKYYSGLG,603,0.0231220344936274,clone492,540,0.0132138345911762,42,0.00148398043124471,NA,NA
NISGYTH_FVAAINYGGSTY_VTYNYYYEYSGFFA,601,0.023045344495307,clone493,586,0.0143394575378319,50,0.00176664337052942,1,5.16524656821018e-05
NISVDPI_FVAGINAGGITN_ATFGRRHRYD,598,0.0229303094978262,clone496,1090,0.0266723698229297,145,0.00512326577453532,1,5.16524656821018e-05
YISPTSA_FVAGISTGGSTN_ATGGRRSKHG,598,0.0229303094978262,clone494,535,0.0130914842708875,42,0.00148398043124471,NA,NA
YISSYAS_FVAGINSGAITN_AVGDRGEYKAGWFA,598,0.0229303094978262,clone495,857,0.0209708448974778,131,0.00462860563078708,NA,NA
NISSVKV_FVAGISYGGSTN_VLAYNYAYHE,597,0.022891964498666,clone497,617,0.0150980295236217,76,0.00268529792320472,NA,NA
NISWTGS_FVAGISAGGNTN_AIGYKGNDRTVSHP,594,0.0227769295011852,clone498,1002,0.0245190041858492,127,0.00448727416114473,NA,NA
NISQADP_LVATINVGSTTY_VRERYDYPYEWYYV,593,0.022738584502025,clone499,766,0.018744069068224,110,0.00388661541516473,NA,NA
NISAVSA_FVAAIGNGTTTN_ALIRLTDSDHVYFP,591,0.0226618945037045,clone500,737,0.0180344372105497,74,0.00261463218838354,NA,NA
